{
  "best_model": "XGBoost",
  "feature_cols": [
    "age",
    "gender",
    "bmi",
    "smoking",
    "alcohol_use",
    "physical_activity",
    "fruit_veg_intake",
    "diet_red_meat",
    "diet_salted_processed",
    "air_pollution",
    "occupational_hazards",
    "obesity",
    "family_history",
    "brca_mutation",
    "h_pylori_infection",
    "calcium_intake",
    "physical_activity_level",
    "overall_risk_score",
    "risk_level_encoded",
    "lifestyle_burden",
    "protective_score",
    "env_exposure",
    "bmi_category",
    "is_senior"
  ],
  "classes": [
    "Breast",
    "Colon",
    "Lung",
    "Prostate",
    "Skin"
  ],
  "metrics": {
    "accuracy": 0.775,
    "f1_weighted": 0.7732,
    "roc_auc_ovr": 0.959,
    "classification_report": {
      "Breast": {
        "precision": 0.8170731707317073,
        "recall": 0.7282608695652174,
        "f1-score": 0.7701149425287356,
        "support": 92.0
      },
      "Colon": {
        "precision": 0.7647058823529411,
        "recall": 0.7738095238095238,
        "f1-score": 0.7692307692307693,
        "support": 84.0
      },
      "Lung": {
        "precision": 0.788135593220339,
        "recall": 0.8857142857142857,
        "f1-score": 0.8340807174887892,
        "support": 105.0
      },
      "Prostate": {
        "precision": 0.7903225806451613,
        "recall": 0.8032786885245902,
        "f1-score": 0.7967479674796748,
        "support": 61.0
      },
      "Skin": {
        "precision": 0.6792452830188679,
        "recall": 0.6206896551724138,
        "f1-score": 0.6486486486486487,
        "support": 58.0
      },
      "accuracy": 0.775,
      "macro avg": {
        "precision": 0.7678965019938033,
        "recall": 0.762350604557206,
        "f1-score": 0.7637646090753235,
        "support": 400.0
      },
      "weighted avg": {
        "precision": 0.7744154173688723,
        "recall": 0.775,
        "f1-score": 0.7731692057555825,
        "support": 400.0
      }
    },
    "confusion_matrix": [
      [
        67,
        12,
        7,
        1,
        5
      ],
      [
        3,
        65,
        6,
        4,
        6
      ],
      [
        4,
        4,
        93,
        1,
        3
      ],
      [
        0,
        2,
        7,
        49,
        3
      ],
      [
        8,
        2,
        5,
        7,
        36
      ]
    ],
    "class_names": [
      "Breast",
      "Colon",
      "Lung",
      "Prostate",
      "Skin"
    ]
  },
  "mlflow_uri": "sqlite:///F:\\Portfolio Project\\cancer_classification\\mlflow.db"
}